batch_num,l2_norm,neglogp,entropy,prob_true_act,samples_so_far,l2_loss,loss,epoch_num,ent_loss
1.0,416.5003356933594,1.9463740587234497,1.9459099769592285,0.14279092848300934,32.0,0.0,1.9444282054901123,0.0,-0.0019459100440144539
101.0,448.8810119628906,0.14734822511672974,0.1752975583076477,0.9059168100357056,2772.0,0.0,0.1471729278564453,20.0,-0.00017529756587464362
201.0,465.1283264160156,0.0003434419631958008,0.0027977153658866882,0.9996567368507385,5512.0,0.0,0.0003406442410778254,40.0,-2.7977155241387663e-06
