entropy,ent_loss,neglogp,loss,l2_loss,samples_so_far,batch_num,epoch_num,l2_norm,prob_true_act
1.9459099769592285,-0.0019459100440144539,1.9458627700805664,1.943916916847229,0.0,32.0,1.0,0.0,416.5003356933594,0.142863929271698
0.06773395836353302,-6.773396307835355e-05,0.02732737362384796,0.027259640395641327,0.0,2772.0,101.0,20.0,460.05517578125,0.9775038957595825
0.002379390876740217,-2.379390934947878e-06,0.0003051161766052246,0.00030273679294623435,0.0,5512.0,201.0,40.0,468.74774169921875,0.9996951818466187
